-- phpMyAdmin SQL Dump
-- version 4.9.2
-- https://www.phpmyadmin.net/
--
-- Host: 127.0.0.1:3306
-- Generation Time: Feb 03, 2020 at 04:36 AM
-- Server version: 10.4.10-MariaDB
-- PHP Version: 7.3.12

SET SQL_MODE = "NO_AUTO_VALUE_ON_ZERO";
SET AUTOCOMMIT = 0;
START TRANSACTION;
SET time_zone = "+00:00";


/*!40101 SET @OLD_CHARACTER_SET_CLIENT=@@CHARACTER_SET_CLIENT */;
/*!40101 SET @OLD_CHARACTER_SET_RESULTS=@@CHARACTER_SET_RESULTS */;
/*!40101 SET @OLD_COLLATION_CONNECTION=@@COLLATION_CONNECTION */;
/*!40101 SET NAMES utf8mb4 */;

--
-- Database: `db_engine`
--

-- --------------------------------------------------------

--
-- Table structure for table `engine_config`
--

DROP TABLE IF EXISTS `engine_config`;
CREATE TABLE IF NOT EXISTS `engine_config` (
  `config_id` int(1) NOT NULL AUTO_INCREMENT,
  `config_name` varchar(100) DEFAULT NULL,
  `config_site` varchar(100) DEFAULT NULL,
  `config_dev` varchar(100) DEFAULT NULL,
  `config_contact` varchar(20) DEFAULT NULL,
  `config_email` varchar(30) DEFAULT NULL,
  `config_description` text DEFAULT NULL,
  `config_template` varchar(50) DEFAULT NULL,
  `update_timestamp` timestamp NOT NULL DEFAULT current_timestamp() ON UPDATE current_timestamp(),
  `update_user_id` varchar(50) NOT NULL,
  PRIMARY KEY (`config_id`)
) ENGINE=InnoDB AUTO_INCREMENT=2 DEFAULT CHARSET=latin1;

--
-- Dumping data for table `engine_config`
--

INSERT INTO `engine_config` (`config_id`, `config_name`, `config_site`, `config_dev`, `config_contact`, `config_email`, `config_description`, `config_template`, `update_timestamp`, `update_user_id`) VALUES
(1, 'Core Engine', 'localhosts', 'CoEngine Corp', '0812345678', 'admin@coengine.id', 'This is Core Engine template', 'adminlte', '2020-01-30 23:36:34', 'me');

-- --------------------------------------------------------

--
-- Table structure for table `engine_log`
--

DROP TABLE IF EXISTS `engine_log`;
CREATE TABLE IF NOT EXISTS `engine_log` (
  `log_timestamp` timestamp NOT NULL DEFAULT current_timestamp() ON UPDATE current_timestamp(),
  `log_urls` varchar(255) NOT NULL,
  `log_user` varchar(50) NOT NULL
) ENGINE=InnoDB DEFAULT CHARSET=latin1;

--
-- Dumping data for table `engine_log`
--

INSERT INTO `engine_log` (`log_timestamp`, `log_urls`, `log_user`) VALUES
('2020-01-27 01:17:17', 'http://localhost/coengine/sys_config', 'me'),
('2020-01-27 01:17:26', 'http://localhost/coengine/', 'me'),
('2020-01-27 01:52:43', 'http://localhost/coengine/', 'me'),
('2020-01-27 01:52:53', 'http://localhost/coengine/sys_config', 'me'),
('2020-01-27 19:19:22', 'http://localhost/coengine/', 'me'),
('2020-01-27 19:19:30', 'http://localhost/coengine/sys_config/', 'me'),
('2020-01-27 20:19:54', 'http://localhost/coengine/sys_config/', 'me'),
('2020-01-27 20:22:34', 'http://localhost/coengine/sys_config/', 'me'),
('2020-01-27 20:24:05', 'http://localhost/coengine/sys_config/', 'me'),
('2020-01-27 20:49:12', 'http://localhost/coengine/sys_config/', 'me'),
('2020-01-27 20:57:52', 'http://localhost/coengine/sys_config/', 'me'),
('2020-01-27 20:58:04', 'http://localhost/coengine/sys_config/', 'me'),
('2020-01-27 21:05:06', 'http://localhost/coengine/sys_config/', 'me'),
('2020-01-27 21:06:12', 'http://localhost/coengine/sys_config/', 'me'),
('2020-01-27 21:06:15', 'http://localhost/coengine/sys_config/', 'me'),
('2020-01-27 21:06:16', 'http://localhost/coengine/sys_config/', 'me'),
('2020-01-27 21:06:17', 'http://localhost/coengine/sys_config/', 'me'),
('2020-01-27 21:06:18', 'http://localhost/coengine/sys_config/', 'me'),
('2020-01-27 21:07:51', 'http://localhost/coengine/sys_config/', 'me'),
('2020-01-27 21:08:17', 'http://localhost/coengine/sys_config/', 'me'),
('2020-01-27 21:08:37', 'http://localhost/coengine/sys_config/', 'me'),
('2020-01-27 21:09:01', 'http://localhost/coengine/sys_config/', 'me'),
('2020-01-27 21:09:44', 'http://localhost/coengine/sys_config/', 'me'),
('2020-01-27 21:10:05', 'http://localhost/coengine/sys_config/', 'me'),
('2020-01-27 21:13:37', 'http://localhost/coengine/sys_config/', 'me'),
('2020-01-27 21:16:31', 'http://localhost/coengine/sys_config/', 'me'),
('2020-01-27 21:17:45', 'http://localhost/coengine/sys_config/', 'me'),
('2020-01-27 21:18:52', 'http://localhost/coengine/sys_config/', 'me'),
('2020-01-27 21:19:53', 'http://localhost/coengine/sys_config/', 'me'),
('2020-01-27 21:20:21', 'http://localhost/coengine/sys_config/', 'me'),
('2020-01-27 21:20:47', 'http://localhost/coengine/sys_config/', 'me'),
('2020-01-27 21:21:11', 'http://localhost/coengine/sys_config/', 'me'),
('2020-01-27 21:21:24', 'http://localhost/coengine/sys_config/', 'me'),
('2020-01-27 21:22:35', 'http://localhost/coengine/sys_config/', 'me'),
('2020-01-27 21:28:48', 'http://localhost/coengine/sys_config/', 'me'),
('2020-01-27 21:34:10', 'http://localhost/coengine/sys_config/', 'me'),
('2020-01-27 21:40:12', 'http://localhost/coengine/sys_config/', 'me'),
('2020-01-27 21:40:15', 'http://localhost/coengine/sys_config/', 'me'),
('2020-01-27 21:44:21', 'http://localhost/coengine/', 'me'),
('2020-01-27 21:44:27', 'http://localhost/coengine/sys_config', 'me'),
('2020-01-27 21:44:33', 'http://localhost/coengine/sys_config', 'me'),
('2020-01-27 21:46:17', 'http://localhost/coengine/sys_config', 'me'),
('2020-01-27 21:46:33', 'http://localhost/coengine/sys_config', 'me'),
('2020-01-27 21:46:58', 'http://localhost/coengine/sys_config', 'me'),
('2020-01-27 21:47:09', 'http://localhost/coengine/sys_config', 'me'),
('2020-01-27 21:47:41', 'http://localhost/coengine/sys_config', 'me'),
('2020-01-27 21:50:25', 'http://localhost/coengine/sys_config', 'me'),
('2020-01-27 21:51:13', 'http://localhost/coengine/sys_config', 'me'),
('2020-01-27 21:52:54', 'http://localhost/coengine/sys_config', 'me'),
('2020-01-27 21:55:27', 'http://localhost/coengine/sys_config', 'me'),
('2020-01-27 21:55:28', 'http://localhost/coengine/sys_config', 'me'),
('2020-01-27 23:33:43', 'http://localhost/coengine/sys_config', 'me'),
('2020-01-27 23:33:44', 'http://localhost/coengine/sys_config', 'me'),
('2020-01-27 23:33:45', 'http://localhost/coengine/sys_config', 'me'),
('2020-01-27 23:33:52', 'http://localhost/coengine/sys_config', 'me'),
('2020-01-27 23:33:54', 'http://localhost/coengine/sys_config', 'me'),
('2020-01-27 23:36:46', 'http://localhost/coengine/sys_config', 'me'),
('2020-01-27 23:36:51', 'http://localhost/coengine/sys_config', 'me'),
('2020-01-27 23:37:30', 'http://localhost/coengine/sys_config', 'me'),
('2020-01-27 23:45:25', 'http://localhost/coengine/sys_config', 'me'),
('2020-01-27 23:45:57', 'http://localhost/coengine/sys_config', 'me'),
('2020-01-27 23:53:08', 'http://localhost/coengine/sys_config', 'me'),
('2020-01-27 23:54:38', 'http://localhost/coengine/sys_config', 'me'),
('2020-01-27 23:55:07', 'http://localhost/coengine/sys_config', 'me'),
('2020-01-27 23:55:28', 'http://localhost/coengine/sys_config', 'me'),
('2020-01-27 23:55:35', 'http://localhost/coengine/sys_config', 'me'),
('2020-01-27 23:57:20', 'http://localhost/coengine/sys_config', 'me'),
('2020-01-27 23:57:50', 'http://localhost/coengine/sys_config', 'me'),
('2020-01-27 23:58:16', 'http://localhost/coengine/sys_config', 'me'),
('2020-01-27 23:58:37', 'http://localhost/coengine/sys_config', 'me'),
('2020-01-27 23:58:52', 'http://localhost/coengine/sys_config', 'me'),
('2020-01-27 23:59:04', 'http://localhost/coengine/sys_config', 'me'),
('2020-01-27 23:59:04', 'http://localhost/coengine/sys_config', 'me'),
('2020-01-27 23:59:05', 'http://localhost/coengine/sys_config', 'me'),
('2020-01-27 23:59:05', 'http://localhost/coengine/sys_config', 'me'),
('2020-01-27 23:59:05', 'http://localhost/coengine/sys_config', 'me'),
('2020-01-27 23:59:06', 'http://localhost/coengine/sys_config', 'me'),
('2020-01-27 23:59:16', 'http://localhost/coengine/sys_config', 'me'),
('2020-01-28 00:00:24', 'http://localhost/coengine/sys_config', 'me'),
('2020-01-28 00:01:08', 'http://localhost/coengine/sys_config', 'me'),
('2020-01-28 00:01:24', 'http://localhost/coengine/sys_config', 'me'),
('2020-01-28 00:01:30', 'http://localhost/coengine/sys_config', 'me'),
('2020-01-28 00:02:27', 'http://localhost/coengine/sys_config', 'me'),
('2020-01-28 00:02:34', 'http://localhost/coengine/sys_config', 'me'),
('2020-01-28 00:03:53', 'http://localhost/coengine/sys_config', 'me'),
('2020-01-28 00:04:11', 'http://localhost/coengine/sys_config', 'me'),
('2020-01-28 00:04:18', 'http://localhost/coengine/sys_config', 'me'),
('2020-01-28 00:04:27', 'http://localhost/coengine/', 'me'),
('2020-01-28 00:04:28', 'http://localhost/coengine/sys_config', 'me'),
('2020-01-28 00:04:41', 'http://localhost/coengine/home', 'me'),
('2020-01-28 00:04:42', 'http://localhost/coengine/sys_config', 'me'),
('2020-01-28 00:04:58', 'http://localhost/coengine/sys_config', 'me'),
('2020-01-28 00:05:05', 'http://localhost/coengine/sys_config', 'me'),
('2020-01-28 00:05:58', 'http://localhost/coengine/sys_config', 'me'),
('2020-01-28 00:06:24', 'http://localhost/coengine/sys_config', 'me'),
('2020-01-28 00:06:35', 'http://localhost/coengine/sys_config', 'me'),
('2020-01-28 00:07:11', 'http://localhost/coengine/sys_config', 'me'),
('2020-01-28 00:07:27', 'http://localhost/coengine/sys_config', 'me'),
('2020-01-28 00:15:38', 'http://localhost/coengine/sys_config', 'me'),
('2020-01-28 00:16:17', 'http://localhost/coengine/sys_config', 'me'),
('2020-01-28 00:17:40', 'http://localhost/coengine/sys_config', 'me'),
('2020-01-28 00:17:55', 'http://localhost/coengine/sys_config', 'me'),
('2020-01-28 00:18:44', 'http://localhost/coengine/sys_config', 'me'),
('2020-01-28 00:23:45', 'http://localhost/coengine/sys_config', 'me'),
('2020-01-28 00:23:48', 'http://localhost/coengine/home', 'me'),
('2020-01-28 00:24:27', 'http://localhost/coengine/home', 'me'),
('2020-01-28 00:25:10', 'http://localhost/coengine/home', 'me'),
('2020-01-28 00:25:11', 'http://localhost/coengine/home', 'me'),
('2020-01-28 00:25:11', 'http://localhost/coengine/home', 'me'),
('2020-01-28 00:25:12', 'http://localhost/coengine/home', 'me'),
('2020-01-28 00:25:48', 'http://localhost/coengine/home', 'me'),
('2020-01-28 00:25:48', 'http://localhost/coengine/home', 'me'),
('2020-01-28 00:25:49', 'http://localhost/coengine/home', 'me'),
('2020-01-28 00:25:49', 'http://localhost/coengine/home', 'me'),
('2020-01-28 00:25:50', 'http://localhost/coengine/home', 'me'),
('2020-01-28 00:25:51', 'http://localhost/coengine/home', 'me'),
('2020-01-28 00:30:22', 'http://localhost/coengine/home', 'me'),
('2020-01-28 00:30:27', 'http://localhost/coengine/home', 'me'),
('2020-01-28 00:31:19', 'http://localhost/coengine/home', 'me'),
('2020-01-28 00:31:24', 'http://localhost/coengine/sys_config', 'me'),
('2020-01-28 00:31:28', 'http://localhost/coengine/home', 'me'),
('2020-01-28 00:32:00', 'http://localhost/coengine/home', 'me'),
('2020-01-28 00:32:01', 'http://localhost/coengine/home', 'me'),
('2020-01-28 00:32:01', 'http://localhost/coengine/home', 'me'),
('2020-01-28 00:32:02', 'http://localhost/coengine/home', 'me'),
('2020-01-28 00:32:02', 'http://localhost/coengine/home', 'me'),
('2020-01-28 00:32:04', 'http://localhost/coengine/sys_config', 'me'),
('2020-01-28 00:32:09', 'http://localhost/coengine/', 'me'),
('2020-01-28 00:32:22', 'http://localhost/coengine/sys_config', 'me'),
('2020-01-28 00:32:23', 'http://localhost/coengine/home', 'me'),
('2020-01-28 00:32:27', 'http://localhost/coengine/home', 'me'),
('2020-01-28 00:32:38', 'http://localhost/coengine/home', 'me'),
('2020-01-28 00:32:39', 'http://localhost/coengine/home', 'me'),
('2020-01-28 00:32:39', 'http://localhost/coengine/home', 'me'),
('2020-01-28 00:32:39', 'http://localhost/coengine/home', 'me'),
('2020-01-28 00:32:40', 'http://localhost/coengine/home', 'me'),
('2020-01-28 00:33:31', 'http://localhost/coengine/home', 'me'),
('2020-01-28 00:33:37', 'http://localhost/coengine/home', 'me'),
('2020-01-28 00:33:38', 'http://localhost/coengine/home', 'me'),
('2020-01-28 00:33:39', 'http://localhost/coengine/home', 'me'),
('2020-01-28 00:33:39', 'http://localhost/coengine/home', 'me'),
('2020-01-28 00:33:57', 'http://localhost/coengine/home', 'me'),
('2020-01-28 00:33:59', 'http://localhost/coengine/sys_config', 'me'),
('2020-01-28 00:34:38', 'http://localhost/coengine/', 'me'),
('2020-01-28 00:35:44', 'http://localhost/coengine/', 'me'),
('2020-01-28 00:35:46', 'http://localhost/coengine/sys_config', 'me'),
('2020-01-28 00:36:23', 'http://localhost/coengine/sys_config', 'me'),
('2020-01-28 00:36:25', 'http://localhost/coengine/home', 'me'),
('2020-01-28 00:36:26', 'http://localhost/coengine/home', 'me'),
('2020-01-28 00:36:27', 'http://localhost/coengine/home', 'me'),
('2020-01-28 00:36:29', 'http://localhost/coengine/home', 'me'),
('2020-01-28 00:37:01', 'http://localhost/coengine/sys_config', 'me'),
('2020-01-28 00:37:18', 'http://localhost/coengine/sys_config#', 'me'),
('2020-01-28 00:37:40', 'http://localhost/coengine/', 'me'),
('2020-01-28 00:40:58', 'http://localhost/coengine/', 'me'),
('2020-01-28 00:41:43', 'http://localhost/coengine/', 'me'),
('2020-01-28 00:42:09', 'http://localhost/coengine/', 'me'),
('2020-01-28 00:44:36', 'http://localhost/coengine/', 'me'),
('2020-01-28 00:44:39', 'http://localhost/coengine/sys_config', 'me'),
('2020-01-28 00:44:50', 'http://localhost/coengine/home', 'me'),
('2020-01-28 00:44:54', 'http://localhost/coengine/sys_config', 'me'),
('2020-01-28 00:45:10', 'http://localhost/coengine/sys_config', 'me'),
('2020-01-28 00:45:10', 'http://localhost/coengine/sys_config', 'me'),
('2020-01-28 00:45:13', 'http://localhost/coengine/home', 'me'),
('2020-01-28 00:45:14', 'http://localhost/coengine/sys_config', 'me'),
('2020-01-28 00:48:51', 'http://localhost/coengine/sys_config', 'me'),
('2020-01-28 00:48:52', 'http://localhost/coengine/home', 'me'),
('2020-01-28 00:48:53', 'http://localhost/coengine/sys_config', 'me'),
('2020-01-28 00:49:49', 'http://localhost/coengine/sys_config', 'me'),
('2020-01-28 00:49:55', 'http://localhost/coengine/home', 'me'),
('2020-01-28 00:49:56', 'http://localhost/coengine/sys_config', 'me'),
('2020-01-28 00:50:24', 'http://localhost/coengine/sys_config', 'me'),
('2020-01-28 00:50:41', 'http://localhost/coengine/sys_config', 'me'),
('2020-01-28 00:50:44', 'http://localhost/coengine/home', 'me'),
('2020-01-28 00:50:45', 'http://localhost/coengine/sys_config', 'me'),
('2020-01-28 00:50:47', 'http://localhost/coengine/home', 'me'),
('2020-01-28 00:51:30', 'http://localhost/coengine/home', 'me'),
('2020-01-28 00:51:31', 'http://localhost/coengine/sys_config', 'me'),
('2020-01-28 00:51:35', 'http://localhost/coengine/', 'me'),
('2020-01-28 00:51:39', 'http://localhost/coengine/sys_config', 'me'),
('2020-01-28 00:51:44', 'http://localhost/coengine/home', 'me'),
('2020-01-28 00:51:46', 'http://localhost/coengine/sys_config', 'me'),
('2020-01-28 00:51:47', 'http://localhost/coengine/home', 'me'),
('2020-01-28 00:51:49', 'http://localhost/coengine/sys_config', 'me'),
('2020-01-28 00:52:03', 'http://localhost/coengine/home', 'me'),
('2020-01-28 00:52:54', 'http://localhost/coengine/home', 'me'),
('2020-01-28 00:53:14', 'http://localhost/coengine/home', 'me'),
('2020-01-28 00:53:20', 'http://localhost/coengine/sys_config', 'me'),
('2020-01-28 00:54:24', 'http://localhost/coengine/sys_config', 'me'),
('2020-01-28 00:54:55', 'http://localhost/coengine/sys_config', 'me'),
('2020-01-28 00:55:14', 'http://localhost/coengine/sys_config', 'me'),
('2020-01-28 00:55:24', 'http://localhost/coengine/sys_config', 'me'),
('2020-01-28 00:55:28', 'http://localhost/coengine/home', 'me'),
('2020-01-28 00:55:29', 'http://localhost/coengine/', 'me'),
('2020-01-28 00:55:31', 'http://localhost/coengine/sys_config', 'me'),
('2020-01-28 00:57:00', 'http://localhost/coengine/sys_menu', 'me'),
('2020-01-28 00:58:11', 'http://localhost/coengine/sys_menu', 'me'),
('2020-01-28 00:58:15', 'http://localhost/coengine/sys_config', 'me'),
('2020-01-28 00:58:16', 'http://localhost/coengine/home', 'me'),
('2020-01-28 00:58:17', 'http://localhost/coengine/sys_menu', 'me'),
('2020-01-28 00:58:23', 'http://localhost/coengine/sys_config', 'me'),
('2020-01-28 00:58:24', 'http://localhost/coengine/sys_config', 'me'),
('2020-01-28 00:58:25', 'http://localhost/coengine/sys_menu', 'me'),
('2020-01-28 00:58:33', 'http://localhost/coengine/home', 'me'),
('2020-01-28 00:58:45', 'http://localhost/coengine/sys_config', 'me'),
('2020-01-28 00:58:46', 'http://localhost/coengine/sys_menu', 'me'),
('2020-01-28 00:58:58', 'http://localhost/coengine/', 'me'),
('2020-01-28 00:59:00', 'http://localhost/coengine/sys_config', 'me'),
('2020-01-28 00:59:04', 'http://localhost/coengine/', 'me'),
('2020-01-28 00:59:06', 'http://localhost/coengine/sys_menu', 'me'),
('2020-01-28 01:11:54', 'http://localhost/coengine/', 'me'),
('2020-01-28 01:11:58', 'http://localhost/coengine/home', 'me'),
('2020-01-28 01:12:26', 'http://localhost/coengine/', 'me'),
('2020-01-28 01:12:33', 'http://localhost/coengine/', 'me'),
('2020-01-28 01:12:36', 'http://localhost/coengine/sys_menu', 'me'),
('2020-01-28 01:13:18', 'http://localhost/coengine/sys_config', 'me'),
('2020-01-28 01:13:19', 'http://localhost/coengine/home', 'me'),
('2020-01-28 01:13:20', 'http://localhost/coengine/', 'me'),
('2020-01-28 01:13:54', 'http://localhost/coengine/sys_config', 'me'),
('2020-01-28 01:13:56', 'http://localhost/coengine/', 'me'),
('2020-01-28 01:14:09', 'http://localhost/coengine/sys_config', 'me'),
('2020-01-28 01:14:11', 'http://localhost/coengine/home', 'me'),
('2020-01-28 01:14:12', 'http://localhost/coengine/', 'me'),
('2020-01-28 01:16:06', 'http://localhost/coengine/', 'me'),
('2020-01-28 01:16:10', 'http://localhost/coengine/sys_config', 'me'),
('2020-01-28 01:16:11', 'http://localhost/coengine/sys_menu', 'me'),
('2020-01-28 01:16:14', 'http://localhost/coengine/sys_config', 'me'),
('2020-01-28 01:16:23', 'http://localhost/coengine/sys_config', 'me'),
('2020-01-28 01:16:43', 'http://localhost/coengine/home', 'me'),
('2020-01-28 01:16:45', 'http://localhost/coengine/sys_config', 'me'),
('2020-01-28 01:16:52', 'http://localhost/coengine/home', 'me'),
('2020-01-28 01:17:04', 'http://localhost/coengine/sys_config', 'me'),
('2020-01-28 01:17:07', 'http://localhost/coengine/home', 'me'),
('2020-01-28 01:17:56', 'http://localhost/coengine/home', 'me'),
('2020-01-28 01:17:58', 'http://localhost/coengine/sys_config', 'me'),
('2020-01-28 01:18:00', 'http://localhost/coengine/sys_menu', 'me'),
('2020-01-28 01:18:04', 'http://localhost/coengine/home', 'me'),
('2020-01-28 01:18:05', 'http://localhost/coengine/', 'me'),
('2020-01-28 01:18:06', 'http://localhost/coengine/sys_config', 'me'),
('2020-01-28 01:18:17', 'http://localhost/coengine/sys_config', 'me'),
('2020-01-28 01:18:20', 'http://localhost/coengine/', 'me'),
('2020-01-28 01:18:29', 'http://localhost/coengine/', 'me'),
('2020-01-28 01:18:31', 'http://localhost/coengine/sys_config', 'me'),
('2020-01-28 01:18:31', 'http://localhost/coengine/sys_menu', 'me'),
('2020-01-28 01:18:32', 'http://localhost/coengine/sys_config', 'me'),
('2020-01-28 01:18:33', 'http://localhost/coengine/home', 'me'),
('2020-01-28 01:18:41', 'http://localhost/coengine/sys_config', 'me'),
('2020-01-28 01:41:51', 'http://localhost/coengine/', 'me'),
('2020-01-28 01:41:54', 'http://localhost/coengine/sys_config', 'me'),
('2020-01-28 01:41:56', 'http://localhost/coengine/home', 'me'),
('2020-01-28 01:41:57', 'http://localhost/coengine/', 'me'),
('2020-01-28 01:43:37', 'http://localhost/coengine/', 'me'),
('2020-01-28 01:44:15', 'http://localhost/coengine/', 'me'),
('2020-01-28 01:44:50', 'http://localhost/coengine/', 'me'),
('2020-01-28 01:45:13', 'http://localhost/coengine/home', 'me'),
('2020-01-28 01:45:19', 'http://localhost/coengine/', 'me'),
('2020-01-28 01:45:20', 'http://localhost/coengine/home', 'me'),
('2020-01-28 01:46:14', 'http://localhost/coengine/home', 'me'),
('2020-01-28 01:46:15', 'http://localhost/coengine/home', 'me'),
('2020-01-28 01:46:17', 'http://localhost/coengine/sys_config', 'me'),
('2020-01-28 01:46:19', 'http://localhost/coengine/home', 'me'),
('2020-01-28 01:46:21', 'http://localhost/coengine/sys_menu', 'me'),
('2020-01-28 01:46:22', 'http://localhost/coengine/home', 'me'),
('2020-01-28 01:46:24', 'http://localhost/coengine/home', 'me'),
('2020-01-28 01:47:46', 'http://localhost/coengine/sys_config', 'me'),
('2020-01-28 01:47:48', 'http://localhost/coengine/sys_menu', 'me'),
('2020-01-28 01:47:50', 'http://localhost/coengine/sys_config', 'me'),
('2020-01-28 01:47:50', 'http://localhost/coengine/home', 'me'),
('2020-01-28 01:48:04', 'http://localhost/coengine/home', 'me'),
('2020-01-28 01:48:17', 'http://localhost/coengine/sys_config', 'me'),
('2020-01-28 01:48:19', 'http://localhost/coengine/sys_menu', 'me'),
('2020-01-28 01:48:20', 'http://localhost/coengine/home', 'me'),
('2020-01-28 01:48:43', 'http://localhost/coengine/home', 'me'),
('2020-01-28 01:48:43', 'http://localhost/coengine/home', 'me'),
('2020-01-28 01:48:44', 'http://localhost/coengine/home', 'me'),
('2020-01-28 01:48:44', 'http://localhost/coengine/home', 'me'),
('2020-01-28 01:49:06', 'http://localhost/coengine/home', 'me'),
('2020-01-28 01:49:10', 'http://localhost/coengine/sys_config', 'me'),
('2020-01-28 01:49:11', 'http://localhost/coengine/sys_menu', 'me'),
('2020-01-28 01:49:13', 'http://localhost/coengine/sys_config', 'me'),
('2020-01-28 01:49:13', 'http://localhost/coengine/home', 'me'),
('2020-01-28 01:49:14', 'http://localhost/coengine/home', 'me'),
('2020-01-28 01:49:17', 'http://localhost/coengine/sys_config', 'me'),
('2020-01-28 01:49:18', 'http://localhost/coengine/sys_menu', 'me'),
('2020-01-28 01:57:23', 'http://localhost/coengine/sys_config', 'me'),
('2020-01-28 01:57:24', 'http://localhost/coengine/sys_menu', 'me'),
('2020-01-28 02:00:15', 'http://localhost/coengine/home', 'me'),
('2020-01-28 02:00:18', 'http://localhost/coengine/sys_config', 'me'),
('2020-01-28 02:00:30', 'http://localhost/coengine/sys_config', 'me'),
('2020-01-28 02:00:54', 'http://localhost/coengine/sys_config', 'me'),
('2020-01-28 02:01:45', 'http://localhost/coengine/sys_config', 'me'),
('2020-01-28 02:01:56', 'http://localhost/coengine/sys_config', 'me'),
('2020-01-28 02:02:05', 'http://localhost/coengine/sys_config', 'me'),
('2020-01-28 02:02:48', 'http://localhost/coengine/sys_config', 'me'),
('2020-01-28 02:02:53', 'http://localhost/coengine/sys_config', 'me'),
('2020-01-28 02:03:09', 'http://localhost/coengine/home', 'me'),
('2020-01-28 02:03:22', 'http://localhost/coengine/home', 'me'),
('2020-01-28 02:03:24', 'http://localhost/coengine/sys_menu', 'me'),
('2020-01-28 02:03:25', 'http://localhost/coengine/sys_config', 'me'),
('2020-01-28 02:03:29', 'http://localhost/coengine/home', 'me'),
('2020-01-28 02:03:30', 'http://localhost/coengine/sys_config', 'me'),
('2020-01-28 02:03:41', 'http://localhost/coengine/sys_config', 'me'),
('2020-01-28 02:04:23', 'http://localhost/coengine/sys_config', 'me'),
('2020-01-28 02:04:24', 'http://localhost/coengine/home', 'me'),
('2020-01-28 02:04:28', 'http://localhost/coengine/sys_config', 'me'),
('2020-01-28 02:04:46', 'http://localhost/coengine/home', 'me'),
('2020-01-28 02:04:49', 'http://localhost/coengine/sys_config', 'me'),
('2020-01-28 02:04:59', 'http://localhost/coengine/sys_config', 'me'),
('2020-01-28 02:05:07', 'http://localhost/coengine/home', 'me'),
('2020-01-28 02:05:10', 'http://localhost/coengine/sys_menu', 'me'),
('2020-01-28 02:05:11', 'http://localhost/coengine/sys_config', 'me'),
('2020-01-28 02:05:13', 'http://localhost/coengine/home', 'me'),
('2020-01-28 21:10:53', 'http://localhost/coengine/home', 'me'),
('2020-01-29 19:25:12', 'http://localhost/coengine/home', 'me'),
('2020-01-29 19:39:32', 'http://coengine/', 'me'),
('2020-01-29 19:39:35', 'http://coengine/home', 'me'),
('2020-01-29 19:39:37', 'http://coengine/home', 'me'),
('2020-01-29 19:40:03', 'http://coengine/home', 'me'),
('2020-01-29 19:40:06', 'http://coengine/asdasdas', 'me'),
('2020-01-29 19:40:21', 'http://coengine/', 'me'),
('2020-01-29 19:40:26', 'http://coengine/', 'me'),
('2020-01-29 19:40:28', 'http://coengine/', 'me'),
('2020-01-29 19:40:29', 'http://coengine/home', 'me'),
('2020-01-29 19:42:34', 'http://localhost/coengine/', 'me'),
('2020-01-29 19:42:40', 'http://localhost/coengine/home', 'me'),
('2020-01-29 19:42:45', 'http://localhost/coengine/', 'me'),
('2020-01-29 19:42:48', 'http://localhost/coengine/', 'me'),
('2020-01-29 19:42:49', 'http://localhost/coengine/', 'me'),
('2020-01-29 19:43:45', 'http://localhost/coengine/home', 'me'),
('2020-01-29 19:43:46', 'http://localhost/coengine/home', 'me'),
('2020-01-29 19:43:47', 'http://localhost/coengine/home', 'me'),
('2020-01-29 19:43:47', 'http://localhost/coengine/home', 'me'),
('2020-01-29 19:44:56', 'http://coengine/', 'me'),
('2020-01-29 19:45:47', 'http://coengine/', 'me'),
('2020-01-29 19:45:48', 'http://coengine/home', 'me'),
('2020-01-29 19:45:49', 'http://coengine/home', 'me'),
('2020-01-29 19:45:50', 'http://coengine/home', 'me'),
('2020-01-29 19:46:54', 'http://localhost/coengine/', 'me'),
('2020-01-29 19:52:14', 'http://coengine/home', 'me'),
('2020-01-29 19:52:16', 'http://coengine/sys_config', 'me'),
('2020-01-29 19:52:17', 'http://coengine/home', 'me'),
('2020-01-29 19:52:18', 'http://coengine/home', 'me'),
('2020-01-29 19:52:22', 'http://coengine/', 'me'),
('2020-01-29 19:52:24', 'http://coengine/home', 'me'),
('2020-01-29 19:52:26', 'http://coengine/sys_config', 'me'),
('2020-01-29 19:52:27', 'http://coengine/sys_menu', 'me'),
('2020-01-29 19:52:28', 'http://coengine/home', 'me'),
('2020-01-29 19:52:46', 'http://coengine/sys_config', 'me'),
('2020-01-29 19:52:48', 'http://coengine/home', 'me'),
('2020-01-29 19:53:10', 'http://coengine/home', 'me'),
('2020-01-29 19:53:13', 'http://coengine/home', 'me'),
('2020-01-29 19:53:15', 'http://coengine/sys_config', 'me'),
('2020-01-29 19:53:20', 'http://coengine/home', 'me'),
('2020-01-29 19:53:35', 'http://coengine/home', 'me'),
('2020-01-29 19:53:38', 'http://coengine/sys_config', 'me'),
('2020-01-29 19:53:40', 'http://coengine/sys_menu', 'me'),
('2020-01-29 19:53:41', 'http://coengine/sys_config', 'me'),
('2020-01-29 19:53:42', 'http://coengine/sys_menu', 'me'),
('2020-01-29 19:53:45', 'http://coengine/sys_config', 'me'),
('2020-01-29 19:53:47', 'http://coengine/sys_menu', 'me'),
('2020-01-29 19:53:48', 'http://coengine/sys_config', 'me'),
('2020-01-29 19:53:52', 'http://coengine/home', 'me'),
('2020-01-29 19:54:06', 'http://coengine/home', 'me'),
('2020-01-29 19:54:09', 'http://coengine/sys_config', 'me'),
('2020-01-29 19:54:11', 'http://coengine/home', 'me'),
('2020-01-29 19:54:57', 'http://coengine/home', 'me'),
('2020-01-29 19:54:59', 'http://coengine/sys_config', 'me'),
('2020-01-29 19:55:00', 'http://coengine/home', 'me'),
('2020-01-29 19:55:04', 'http://coengine/sys_config', 'me'),
('2020-01-29 19:55:23', 'http://coengine/sys_config', 'me'),
('2020-01-29 19:55:24', 'http://coengine/home', 'me'),
('2020-01-29 19:55:28', 'http://coengine/home', 'me'),
('2020-01-29 19:55:38', 'http://coengine/home', 'me'),
('2020-01-29 19:55:42', 'http://coengine/sys_config', 'me'),
('2020-01-29 19:55:43', 'http://coengine/sys_menu', 'me'),
('2020-01-29 19:55:44', 'http://coengine/sys_config', 'me'),
('2020-01-29 19:55:44', 'http://coengine/home', 'me'),
('2020-01-29 19:56:07', 'http://coengine/home', 'me'),
('2020-01-29 19:56:12', 'http://coengine/sys_config', 'me'),
('2020-01-29 19:56:13', 'http://coengine/sys_menu', 'me'),
('2020-01-29 19:56:14', 'http://coengine/sys_config', 'me'),
('2020-01-29 19:56:51', 'http://coengine/sys_config', 'me'),
('2020-01-29 19:56:57', 'http://coengine/sys_menu', 'me'),
('2020-01-29 19:56:58', 'http://coengine/sys_config', 'me'),
('2020-01-29 20:18:09', 'http://coengine/home', 'me'),
('2020-01-29 20:18:13', 'http://coengine/sys_config', 'me'),
('2020-01-29 20:18:15', 'http://coengine/home', 'me'),
('2020-01-29 20:18:17', 'http://coengine/sys_menu', 'me'),
('2020-01-29 20:18:19', 'http://coengine/home', 'me'),
('2020-01-29 20:18:21', 'http://coengine/home', 'me'),
('2020-01-29 20:18:30', 'http://coengine/sys_config', 'me'),
('2020-01-29 20:18:45', 'http://coengine/sys_menu', 'me'),
('2020-01-29 20:19:40', 'http://coengine/sys_menu', 'me'),
('2020-01-29 20:19:41', 'http://coengine/sys_config', 'me'),
('2020-01-29 20:19:43', 'http://coengine/home', 'me'),
('2020-01-29 20:20:08', 'http://coengine/home', 'me'),
('2020-01-29 20:22:51', 'http://coengine/sys_menu', 'me'),
('2020-01-29 20:23:18', 'http://coengine/sys_menu', 'me'),
('2020-01-29 20:23:49', 'http://coengine/sys_menu', 'me'),
('2020-01-29 20:24:29', 'http://coengine/sys_menu', 'me'),
('2020-01-29 20:25:00', 'http://coengine/sys_menu', 'me'),
('2020-01-29 20:25:11', 'http://coengine/sys_menu', 'me'),
('2020-01-29 20:25:30', 'http://coengine/sys_menu', 'me'),
('2020-01-29 20:25:43', 'http://coengine/sys_menu', 'me'),
('2020-01-29 20:26:27', 'http://coengine/sys_menu', 'me'),
('2020-01-29 20:26:39', 'http://coengine/sys_menu', 'me'),
('2020-01-29 20:26:53', 'http://coengine/sys_menu', 'me'),
('2020-01-29 20:27:05', 'http://coengine/sys_menu', 'me'),
('2020-01-29 20:27:36', 'http://coengine/sys_menu', 'me'),
('2020-01-29 20:27:58', 'http://coengine/sys_menu', 'me'),
('2020-01-29 20:28:06', 'http://coengine/sys_menu', 'me'),
('2020-01-29 20:28:18', 'http://coengine/sys_menu', 'me'),
('2020-01-29 20:28:42', 'http://coengine/sys_menu', 'me'),
('2020-01-29 20:30:11', 'http://coengine/sys_menu', 'me'),
('2020-01-29 20:31:25', 'http://coengine/sys_menu', 'me'),
('2020-01-29 20:34:41', 'http://coengine/sys_menu', 'me'),
('2020-01-29 20:35:05', 'http://coengine/sys_menu', 'me'),
('2020-01-29 20:35:36', 'http://coengine/sys_menu', 'me'),
('2020-01-29 20:37:08', 'http://coengine/sys_menu', 'me'),
('2020-01-29 20:38:44', 'http://coengine/sys_menu', 'me'),
('2020-01-29 20:39:20', 'http://coengine/sys_menu', 'me'),
('2020-01-29 20:39:49', 'http://coengine/sys_menu', 'me'),
('2020-01-29 20:40:20', 'http://coengine/sys_menu', 'me'),
('2020-01-29 20:40:49', 'http://coengine/sys_menu', 'me'),
('2020-01-29 20:41:05', 'http://coengine/sys_menu', 'me'),
('2020-01-29 20:41:21', 'http://coengine/sys_menu', 'me'),
('2020-01-29 20:41:21', 'http://coengine/sys_config', 'me'),
('2020-01-29 20:41:22', 'http://coengine/sys_menu', 'me'),
('2020-01-29 20:43:25', 'http://coengine/', 'me'),
('2020-01-29 20:43:27', 'http://coengine/sys_menu', 'me'),
('2020-01-29 20:47:26', 'http://coengine/sys_menu', 'me'),
('2020-01-29 20:49:41', 'http://coengine/sys_menu', 'me'),
('2020-01-29 20:51:07', 'http://coengine/sys_menu', 'me'),
('2020-01-29 20:53:34', 'http://coengine/sys_menu', 'me'),
('2020-01-29 20:54:04', 'http://coengine/sys_menu', 'me'),
('2020-01-29 20:57:12', 'http://coengine/sys_menu', 'me'),
('2020-01-29 20:58:10', 'http://coengine/sys_menu', 'me'),
('2020-01-29 21:01:36', 'http://coengine/sys_menu', 'me'),
('2020-01-29 21:02:07', 'http://coengine/sys_menu', 'me'),
('2020-01-29 21:03:31', 'http://coengine/sys_menu', 'me'),
('2020-01-29 21:06:09', 'http://coengine/sys_menu', 'me'),
('2020-01-29 21:06:23', 'http://coengine/sys_menu', 'me'),
('2020-01-29 21:18:42', 'http://coengine/sys_menu', 'me'),
('2020-01-29 21:22:40', 'http://coengine/sys_menu', 'me'),
('2020-01-29 21:22:53', 'http://coengine/sys_menu', 'me'),
('2020-01-29 21:23:11', 'http://coengine/sys_menu', 'me'),
('2020-01-29 21:23:23', 'http://coengine/sys_menu', 'me'),
('2020-01-29 21:23:24', 'http://coengine/sys_menu', 'me'),
('2020-01-29 21:23:24', 'http://coengine/sys_menu', 'me'),
('2020-01-29 21:23:33', 'http://coengine/sys_menu', 'me'),
('2020-01-29 21:23:33', 'http://coengine/sys_menu', 'me'),
('2020-01-29 21:23:33', 'http://coengine/sys_menu', 'me'),
('2020-01-29 21:23:42', 'http://coengine/sys_menu', 'me'),
('2020-01-29 21:23:42', 'http://coengine/sys_menu', 'me'),
('2020-01-29 21:23:42', 'http://coengine/sys_menu', 'me'),
('2020-01-29 21:24:22', 'http://coengine/sys_menu', 'me'),
('2020-01-29 21:24:29', 'http://coengine/sys_menu', 'me'),
('2020-01-29 21:24:37', 'http://coengine/sys_menu', 'me'),
('2020-01-29 21:25:26', 'http://coengine/sys_menu', 'me'),
('2020-01-29 21:25:34', 'http://coengine/sys_menu', 'me'),
('2020-01-29 21:25:34', 'http://coengine/sys_menu', 'me'),
('2020-01-29 21:25:40', 'http://coengine/sys_menu', 'me'),
('2020-01-29 21:25:41', 'http://coengine/sys_menu', 'me'),
('2020-01-29 21:25:41', 'http://coengine/sys_menu', 'me'),
('2020-01-29 21:25:50', 'http://coengine/sys_menu', 'me'),
('2020-01-29 21:26:09', 'http://coengine/sys_menu', 'me'),
('2020-01-29 21:26:20', 'http://coengine/sys_menu', 'me'),
('2020-01-29 21:26:56', 'http://coengine/sys_menu', 'me'),
('2020-01-29 21:27:06', 'http://coengine/sys_menu', 'me'),
('2020-01-29 21:27:24', 'http://coengine/sys_menu', 'me'),
('2020-01-29 21:28:23', 'http://coengine/sys_menu', 'me'),
('2020-01-29 21:31:52', 'http://coengine/sys_menu', 'me'),
('2020-01-29 21:32:12', 'http://coengine/sys_menu', 'me'),
('2020-01-29 21:33:01', 'http://coengine/sys_menu', 'me'),
('2020-01-29 21:33:27', 'http://coengine/sys_menu', 'me'),
('2020-01-29 21:33:53', 'http://coengine/sys_menu', 'me'),
('2020-01-29 21:34:00', 'http://coengine/sys_menu', 'me'),
('2020-01-29 21:34:00', 'http://coengine/sys_menu', 'me'),
('2020-01-29 21:34:12', 'http://coengine/sys_menu', 'me'),
('2020-01-29 21:36:11', 'http://coengine/sys_menu', 'me'),
('2020-01-29 21:36:35', 'http://coengine/sys_menu', 'me'),
('2020-01-29 21:36:43', 'http://coengine/sys_menu', 'me'),
('2020-01-29 21:37:34', 'http://coengine/sys_menu', 'me'),
('2020-01-29 21:37:49', 'http://coengine/sys_menu', 'me'),
('2020-01-29 21:37:58', 'http://coengine/sys_menu', 'me'),
('2020-01-29 21:39:28', 'http://coengine/sys_menu', 'me'),
('2020-01-29 21:39:51', 'http://coengine/sys_menu', 'me'),
('2020-01-29 21:41:52', 'http://coengine/sys_menu', 'me'),
('2020-01-29 21:42:16', 'http://coengine/sys_menu', 'me'),
('2020-01-29 21:43:17', 'http://coengine/sys_menu', 'me'),
('2020-01-29 21:44:13', 'http://coengine/sys_menu', 'me'),
('2020-01-29 21:45:11', 'http://coengine/sys_menu', 'me'),
('2020-01-29 21:45:20', 'http://coengine/sys_menu', 'me'),
('2020-01-29 21:56:01', 'http://coengine/sys_menu', 'me'),
('2020-01-29 23:42:27', 'http://coengine/', 'me'),
('2020-01-29 23:42:29', 'http://coengine/sys_config', 'me'),
('2020-01-29 23:42:36', 'http://coengine/sys_config', 'me'),
('2020-01-29 23:42:39', 'http://coengine/sys_menu', 'me'),
('2020-01-29 23:42:43', 'http://coengine/sys_menu', 'me'),
('2020-01-29 23:42:44', 'http://coengine/sys_menu', 'me'),
('2020-01-29 23:42:44', 'http://coengine/sys_menu', 'me'),
('2020-01-29 23:42:44', 'http://coengine/sys_menu', 'me'),
('2020-01-29 23:42:45', 'http://coengine/sys_menu', 'me'),
('2020-01-29 23:42:45', 'http://coengine/sys_menu', 'me'),
('2020-01-29 23:42:45', 'http://coengine/sys_menu', 'me'),
('2020-01-29 23:42:45', 'http://coengine/sys_menu', 'me'),
('2020-01-29 23:42:47', 'http://coengine/home', 'me'),
('2020-01-29 23:42:49', 'http://coengine/sys_config', 'me'),
('2020-01-29 23:42:50', 'http://coengine/sys_menu', 'me'),
('2020-01-29 23:43:09', 'http://coengine/sys_menu', 'me'),
('2020-01-29 23:43:10', 'http://coengine/sys_menu', 'me'),
('2020-01-29 23:43:36', 'http://coengine/sys_menu', 'me'),
('2020-01-29 23:43:37', 'http://coengine/sys_menu', 'me'),
('2020-01-29 23:43:37', 'http://coengine/sys_menu', 'me'),
('2020-01-29 23:43:37', 'http://coengine/sys_menu', 'me'),
('2020-01-29 23:43:37', 'http://coengine/sys_menu', 'me'),
('2020-01-29 23:43:59', 'http://coengine/sys_menu', 'me'),
('2020-01-29 23:44:27', 'http://coengine/sys_menu', 'me'),
('2020-01-29 23:44:28', 'http://coengine/sys_menu', 'me'),
('2020-01-29 23:44:28', 'http://coengine/sys_menu', 'me'),
('2020-01-29 23:44:28', 'http://coengine/sys_menu', 'me'),
('2020-01-29 23:44:29', 'http://coengine/sys_menu', 'me'),
('2020-01-29 23:44:32', 'http://coengine/home', 'me'),
('2020-01-29 23:44:32', 'http://coengine/home', 'me'),
('2020-01-29 23:44:33', 'http://coengine/home', 'me'),
('2020-01-29 23:44:33', 'http://coengine/home', 'me'),
('2020-01-29 23:44:33', 'http://coengine/home', 'me'),
('2020-01-29 23:44:34', 'http://coengine/home', 'me'),
('2020-01-29 23:44:36', 'http://coengine/sys_config', 'me'),
('2020-01-29 23:44:37', 'http://coengine/sys_menu', 'me'),
('2020-01-29 23:45:14', 'http://coengine/sys_menu', 'me'),
('2020-01-29 23:46:47', 'http://coengine/sys_menu', 'me'),
('2020-01-29 23:46:56', 'http://coengine/sys_menu', 'me'),
('2020-01-29 23:48:41', 'http://coengine/sys_menu', 'me'),
('2020-01-29 23:50:48', 'http://coengine/sys_menu', 'me'),
('2020-01-29 23:51:07', 'http://coengine/sys_menu', 'me'),
('2020-01-29 23:51:20', 'http://coengine/sys_menu', 'me'),
('2020-01-29 23:53:08', 'http://coengine/sys_menu', 'me'),
('2020-01-29 23:53:28', 'http://coengine/sys_menu', 'me'),
('2020-01-29 23:55:00', 'http://coengine/home', 'me'),
('2020-01-29 23:55:03', 'http://coengine/sys_menu', 'me'),
('2020-01-29 23:56:16', 'http://coengine/sys_menu', 'me'),
('2020-01-29 23:57:53', 'http://coengine/sys_menu', 'me'),
('2020-01-29 23:58:05', 'http://coengine/sys_menu', 'me'),
('2020-01-30 00:01:17', 'http://coengine/sys_menu', 'me'),
('2020-01-30 00:02:11', 'http://coengine/sys_menu', 'me'),
('2020-01-30 00:02:40', 'http://coengine/sys_menu', 'me'),
('2020-01-30 00:02:49', 'http://coengine/sys_menu', 'me'),
('2020-01-30 00:03:00', 'http://coengine/sys_menu', 'me'),
('2020-01-30 00:03:15', 'http://coengine/sys_menu', 'me'),
('2020-01-30 00:03:56', 'http://coengine/sys_menu', 'me'),
('2020-01-30 00:04:03', 'http://coengine/sys_menu', 'me'),
('2020-01-30 00:04:26', 'http://coengine/sys_menu', 'me'),
('2020-01-30 00:04:28', 'http://coengine/sys_menu', 'me'),
('2020-01-30 00:04:28', 'http://coengine/sys_menu', 'me'),
('2020-01-30 00:04:28', 'http://coengine/sys_menu', 'me'),
('2020-01-30 00:04:33', 'http://coengine/', 'me'),
('2020-01-30 00:04:35', 'http://coengine/sys_menu', 'me'),
('2020-01-30 00:04:51', 'http://coengine/sys_menu', 'me'),
('2020-01-30 00:05:45', 'http://coengine/sys_menu', 'me'),
('2020-01-30 00:05:48', 'http://coengine/sys_menu', 'me'),
('2020-01-30 00:05:49', 'http://coengine/sys_menu', 'me'),
('2020-01-30 00:05:49', 'http://coengine/sys_menu', 'me'),
('2020-01-30 00:05:50', 'http://coengine/sys_menu', 'me'),
('2020-01-30 00:06:06', 'http://coengine/sys_menu', 'me'),
('2020-01-30 00:06:49', 'http://coengine/sys_menu', 'me'),
('2020-01-30 00:07:21', 'http://coengine/sys_menu', 'me'),
('2020-01-30 00:09:44', 'http://coengine/sys_menu', 'me'),
('2020-01-30 00:09:59', 'http://coengine/sys_menu', 'me'),
('2020-01-30 00:10:22', 'http://coengine/sys_menu', 'me'),
('2020-01-30 00:10:50', 'http://coengine/sys_menu', 'me'),
('2020-01-30 00:11:02', 'http://coengine/sys_menu', 'me'),
('2020-01-30 00:11:58', 'http://coengine/sys_config', 'me'),
('2020-01-30 00:12:00', 'http://coengine/sys_menu', 'me'),
('2020-01-30 00:12:45', 'http://coengine/sys_menu', 'me'),
('2020-01-30 00:12:52', 'http://coengine/sys_menu', 'me'),
('2020-01-30 00:12:58', 'http://coengine/sys_menu', 'me'),
('2020-01-30 00:13:05', 'http://coengine/sys_menu', 'me'),
('2020-01-30 00:13:12', 'http://coengine/sys_menu', 'me'),
('2020-01-30 00:13:15', 'http://coengine/sys_menu', 'me'),
('2020-01-30 00:14:07', 'http://coengine/sys_menu', 'me'),
('2020-01-30 00:14:13', 'http://coengine/sys_menu', 'me'),
('2020-01-30 00:14:45', 'http://coengine/sys_menu', 'me'),
('2020-01-30 00:14:56', 'http://coengine/sys_menu', 'me'),
('2020-01-30 00:29:18', 'http://coengine/sys_menu', 'me'),
('2020-01-30 00:29:56', 'http://coengine/sys_menu', 'me'),
('2020-01-30 00:29:57', 'http://coengine/sys_menu', 'me'),
('2020-01-30 00:29:59', 'http://coengine/sys_menu', 'me'),
('2020-01-30 00:31:50', 'http://coengine/sys_menu', 'me'),
('2020-01-30 00:33:54', 'http://coengine/sys_menu', 'me'),
('2020-01-30 00:34:09', 'http://coengine/sys_menu', 'me'),
('2020-01-30 00:34:18', 'http://coengine/sys_menu', 'me'),
('2020-01-30 00:34:26', 'http://coengine/sys_menu', 'me'),
('2020-01-30 00:36:37', 'http://coengine/sys_menu', 'me'),
('2020-01-30 00:36:42', 'http://coengine/sys_menu', 'me'),
('2020-01-30 00:36:45', 'http://coengine/sys_menu', 'me'),
('2020-01-30 00:37:00', 'http://coengine/sys_menu', 'me'),
('2020-01-30 00:37:28', 'http://coengine/sys_menu', 'me'),
('2020-01-30 00:37:39', 'http://coengine/sys_menu', 'me'),
('2020-01-30 00:39:23', 'http://coengine/sys_menu', 'me'),
('2020-01-30 00:39:32', 'http://coengine/sys_menu', 'me'),
('2020-01-30 00:40:02', 'http://coengine/sys_menu', 'me'),
('2020-01-30 00:40:50', 'http://coengine/sys_menu', 'me'),
('2020-01-30 00:40:59', 'http://coengine/sys_menu', 'me'),
('2020-01-30 00:41:16', 'http://coengine/sys_menu', 'me'),
('2020-01-30 00:42:14', 'http://coengine/sys_menu', 'me'),
('2020-01-30 00:42:26', 'http://coengine/sys_menu', 'me'),
('2020-01-30 00:42:40', 'http://coengine/sys_menu', 'me'),
('2020-01-30 00:42:52', 'http://coengine/sys_menu', 'me'),
('2020-01-30 00:43:10', 'http://coengine/sys_menu', 'me'),
('2020-01-30 00:43:13', 'http://coengine/sys_menu', 'me'),
('2020-01-30 00:46:12', 'http://coengine/sys_menu', 'me'),
('2020-01-30 00:48:54', 'http://coengine/sys_menu', 'me'),
('2020-01-30 00:49:38', 'http://coengine/sys_menu', 'me'),
('2020-01-30 00:53:35', 'http://coengine/sys_menu', 'me'),
('2020-01-30 00:54:30', 'http://coengine/sys_menu', 'me'),
('2020-01-30 00:55:24', 'http://coengine/sys_menu', 'me'),
('2020-01-30 00:55:51', 'http://coengine/sys_menu', 'me'),
('2020-01-30 01:00:46', 'http://coengine/sys_menu', 'me'),
('2020-01-30 01:01:00', 'http://coengine/sys_menu', 'me'),
('2020-01-30 01:01:13', 'http://coengine/sys_menu', 'me'),
('2020-01-30 01:03:01', 'http://coengine/sys_menu', 'me'),
('2020-01-30 01:04:42', 'http://coengine/sys_menu', 'me'),
('2020-01-30 01:04:56', 'http://coengine/sys_menu', 'me'),
('2020-01-30 01:05:20', 'http://coengine/sys_menu', 'me'),
('2020-01-30 01:05:50', 'http://coengine/sys_menu', 'me'),
('2020-01-30 01:06:31', 'http://coengine/sys_menu', 'me'),
('2020-01-30 01:06:58', 'http://coengine/sys_menu', 'me'),
('2020-01-30 01:08:34', 'http://coengine/sys_menu', 'me'),
('2020-01-30 01:08:57', 'http://coengine/sys_menu', 'me'),
('2020-01-30 01:09:10', 'http://coengine/sys_menu', 'me'),
('2020-01-30 01:10:09', 'http://coengine/sys_menu', 'me'),
('2020-01-30 01:10:34', 'http://coengine/sys_menu', 'me'),
('2020-01-30 01:11:12', 'http://coengine/sys_menu', 'me'),
('2020-01-30 01:11:36', 'http://coengine/sys_menu', 'me'),
('2020-01-30 01:12:05', 'http://coengine/sys_menu', 'me'),
('2020-01-30 01:17:23', 'http://coengine/', 'me'),
('2020-01-30 01:17:27', 'http://coengine/sys_menu', 'me'),
('2020-01-30 01:17:37', 'http://coengine/sys_menu', 'me'),
('2020-01-30 01:18:02', 'http://coengine/sys_menu', 'me'),
('2020-01-30 01:18:31', 'http://coengine/sys_menu', 'me'),
('2020-01-30 01:19:11', 'http://coengine/sys_menu', 'me'),
('2020-01-30 01:20:30', 'http://coengine/sys_menu', 'me'),
('2020-01-30 01:20:46', 'http://coengine/sys_menu', 'me'),
('2020-01-30 01:20:52', 'http://coengine/sys_menu', 'me'),
('2020-01-30 01:21:45', 'http://coengine/sys_menu', 'me'),
('2020-01-30 01:22:01', 'http://coengine/sys_menu', 'me'),
('2020-01-30 20:22:12', 'http://coengine/', 'me'),
('2020-01-30 20:22:17', 'http://coengine/sys_menu', 'me'),
('2020-01-30 20:23:27', 'http://coengine/home', 'me'),
('2020-01-30 20:23:29', 'http://coengine/sys_menu', 'me'),
('2020-01-30 20:24:00', 'http://coengine/sys_menu', 'me'),
('2020-01-30 20:24:14', 'http://coengine/sys_menu', 'me'),
('2020-01-30 20:24:16', 'http://coengine/home', 'me'),
('2020-01-30 20:24:48', 'http://coengine/sys_config', 'me'),
('2020-01-30 20:24:58', 'http://coengine/sys_config', 'me'),
('2020-01-30 20:27:55', 'http://coengine/', 'me'),
('2020-01-30 20:29:31', 'http://coengine/sys_menu', 'me'),
('2020-01-30 20:29:32', 'http://coengine/home', 'me'),
('2020-01-30 20:40:15', 'http://coengine/home', 'me'),
('2020-01-30 20:40:17', 'http://coengine/sys_menu', 'me'),
('2020-01-30 20:43:43', 'http://coengine/sys_menu', 'me'),
('2020-01-30 20:54:07', 'http://coengine/sys_menu', 'me'),
('2020-01-30 21:04:48', 'http://coengine/sys_menu', 'me'),
('2020-01-30 21:04:50', 'http://coengine/', 'me'),
('2020-01-30 21:04:52', 'http://coengine/', 'me'),
('2020-01-30 21:04:54', 'http://coengine/', 'me'),
('2020-01-30 21:05:18', 'http://coengine/', 'me'),
('2020-01-30 21:05:19', 'http://coengine/sys_config', 'me'),
('2020-01-30 21:05:20', 'http://coengine/sys_menu', 'me'),
('2020-01-30 21:19:52', 'http://coengine/sys_config', 'me'),
('2020-01-30 21:19:53', 'http://coengine/home', 'me'),
('2020-01-30 21:19:56', 'http://coengine/sys_config', 'me'),
('2020-01-30 21:19:59', 'http://coengine/sys_menu', 'me'),
('2020-01-30 21:20:05', 'http://coengine/sys_config', 'me'),
('2020-01-30 21:20:07', 'http://coengine/home', 'me'),
('2020-01-30 21:20:11', 'http://coengine/home', 'me'),
('2020-01-30 21:20:14', 'http://coengine/sys_menu', 'me'),
('2020-01-30 21:25:28', 'http://coengine/sys_role', 'me'),
('2020-01-30 21:27:13', 'http://coengine/sys_role', 'me'),
('2020-01-30 21:30:16', 'http://coengine/sys_role', 'me'),
('2020-01-30 21:30:20', 'http://coengine/sys_role', 'me'),
('2020-01-30 21:30:20', 'http://coengine/sys_role', 'me'),
('2020-01-30 21:30:20', 'http://coengine/sys_role', 'me'),
('2020-01-30 21:30:21', 'http://coengine/sys_role', 'me'),
('2020-01-30 21:30:22', 'http://coengine/sys_role', 'me'),
('2020-01-30 21:30:22', 'http://coengine/sys_role', 'me'),
('2020-01-30 21:30:22', 'http://coengine/sys_role', 'me'),
('2020-01-30 21:30:55', 'http://coengine/sys_role', 'me'),
('2020-01-30 21:44:23', 'http://coengine/sys_role', 'me'),
('2020-01-30 21:45:41', 'http://coengine/sys_role', 'me'),
('2020-01-30 21:45:49', 'http://coengine/sys_role', 'me'),
('2020-01-30 21:46:57', 'http://coengine/sys_role', 'me'),
('2020-01-30 21:49:30', 'http://coengine/sys_role', 'me'),
('2020-01-30 21:49:32', 'http://coengine/sys_role', 'me'),
('2020-01-30 23:32:32', 'http://coengine/sys_role', 'me'),
('2020-01-30 23:32:34', 'http://coengine/home', 'me'),
('2020-01-30 23:32:37', 'http://coengine/sys_role', 'me'),
('2020-01-30 23:32:43', 'http://coengine/sys_role', 'me'),
('2020-01-30 23:32:44', 'http://coengine/sys_role', 'me'),
('2020-01-30 23:32:44', 'http://coengine/sys_role', 'me'),
('2020-01-30 23:32:45', 'http://coengine/sys_role', 'me'),
('2020-01-30 23:32:53', 'http://coengine/home', 'me'),
('2020-01-30 23:32:55', 'http://coengine/sys_config', 'me'),
('2020-01-30 23:32:57', 'http://coengine/sys_menu', 'me'),
('2020-01-30 23:35:58', 'http://coengine/sys_menu', 'me'),
('2020-01-30 23:35:59', 'http://coengine/sys_config', 'me'),
('2020-01-30 23:36:05', 'http://coengine/sys_config', 'me'),
('2020-01-30 23:36:25', 'http://coengine/sys_config', 'me'),
('2020-01-30 23:36:35', 'http://coengine/sys_config', 'me'),
('2020-01-30 23:40:49', 'http://coengine/sys_role', 'me'),
('2020-01-30 23:48:03', 'http://coengine/sys_role', 'me'),
('2020-01-30 23:48:10', 'http://coengine/sys_role', 'me'),
('2020-01-30 23:48:48', 'http://coengine/sys_role', 'me'),
('2020-01-30 23:50:18', 'http://coengine/sys_role', 'me'),
('2020-01-30 23:51:18', 'http://coengine/sys_role', 'me'),
('2020-01-30 23:51:59', 'http://coengine/sys_role', 'me'),
('2020-01-30 23:56:02', 'http://coengine/sys_role', 'me'),
('2020-01-30 23:57:31', 'http://coengine/sys_role', 'me'),
('2020-01-30 23:57:58', 'http://coengine/sys_role', 'me'),
('2020-01-30 23:59:05', 'http://coengine/sys_role', 'me'),
('2020-01-31 00:00:04', 'http://coengine/sys_role', 'me'),
('2020-01-31 00:00:43', 'http://coengine/sys_role', 'me'),
('2020-01-31 00:02:55', 'http://coengine/sys_role', 'me'),
('2020-01-31 00:03:17', 'http://coengine/sys_role', 'me'),
('2020-01-31 00:04:04', 'http://coengine/sys_role', 'me'),
('2020-01-31 00:04:47', 'http://coengine/sys_role', 'me'),
('2020-01-31 00:04:52', 'http://coengine/sys_role', 'me'),
('2020-01-31 00:06:09', 'http://coengine/sys_role', 'me'),
('2020-01-31 00:07:20', 'http://coengine/sys_role', 'me'),
('2020-01-31 00:07:53', 'http://coengine/sys_role', 'me'),
('2020-01-31 00:08:45', 'http://coengine/sys_role', 'me'),
('2020-01-31 00:08:54', 'http://coengine/sys_role', 'me'),
('2020-01-31 00:13:39', 'http://coengine/sys_role', 'me'),
('2020-01-31 00:14:25', 'http://coengine/sys_role', 'me'),
('2020-01-31 00:15:27', 'http://coengine/sys_role', 'me'),
('2020-01-31 00:17:11', 'http://coengine/sys_role', 'me'),
('2020-01-31 00:18:29', 'http://coengine/sys_role', 'me'),
('2020-01-31 00:19:09', 'http://coengine/sys_role', 'me'),
('2020-01-31 00:19:39', 'http://coengine/sys_role', 'me'),
('2020-01-31 00:22:05', 'http://coengine/sys_role', 'me'),
('2020-01-31 00:23:36', 'http://coengine/sys_role', 'me'),
('2020-01-31 00:24:25', 'http://coengine/sys_role', 'me'),
('2020-01-31 00:26:50', 'http://coengine/sys_role', 'me'),
('2020-01-31 00:28:28', 'http://coengine/sys_role', 'me'),
('2020-01-31 00:29:01', 'http://coengine/sys_role', 'me'),
('2020-01-31 00:30:13', 'http://coengine/sys_role', 'me'),
('2020-01-31 00:30:40', 'http://coengine/sys_role', 'me'),
('2020-01-31 00:33:00', 'http://coengine/sys_role', 'me'),
('2020-02-02 19:43:24', 'http://coengine/sys_role', 'me'),
('2020-02-02 19:45:42', 'http://coengine/home', 'me'),
('2020-02-02 19:45:46', 'http://coengine/sys_config', 'me'),
('2020-02-02 19:45:48', 'http://coengine/sys_menu', 'me'),
('2020-02-02 19:45:50', 'http://coengine/sys_role', 'me'),
('2020-02-02 19:45:56', 'http://coengine/sys_role', 'me'),
('2020-02-02 19:46:01', 'http://coengine/sys_role', 'me'),
('2020-02-02 19:46:04', 'http://coengine/', 'me'),
('2020-02-02 19:46:05', 'http://coengine/', 'me'),
('2020-02-02 19:46:06', 'http://coengine/', 'me'),
('2020-02-02 19:49:07', 'http://coengine/', 'me'),
('2020-02-02 19:49:11', 'http://coengine/', 'me'),
('2020-02-02 19:49:14', 'http://coengine/', 'me'),
('2020-02-02 20:14:41', 'http://coengine/sys_config', 'me'),
('2020-02-02 20:14:43', 'http://coengine/sys_menu', 'me'),
('2020-02-02 20:14:46', 'http://coengine/sys_role', 'me'),
('2020-02-02 20:14:52', 'http://coengine/sys_role', 'me'),
('2020-02-02 20:15:01', 'http://coengine/sys_role', 'me'),
('2020-02-02 20:15:05', 'http://coengine/', 'me'),
('2020-02-02 20:15:06', 'http://coengine/', 'me'),
('2020-02-02 20:15:09', 'http://coengine/sys_role', 'me'),
('2020-02-02 20:15:15', 'http://coengine/home', 'me'),
('2020-02-02 20:15:17', 'http://coengine/sys_config', 'me'),
('2020-02-02 20:20:16', 'http://coengine/', 'me'),
('2020-02-02 20:20:18', 'http://coengine/home', 'me'),
('2020-02-02 20:20:19', 'http://coengine/home', 'me');

-- --------------------------------------------------------

--
-- Table structure for table `engine_master`
--

DROP TABLE IF EXISTS `engine_master`;
CREATE TABLE IF NOT EXISTS `engine_master` (
  `master_id` int(11) NOT NULL AUTO_INCREMENT,
  `master_label` varchar(150) NOT NULL,
  `master_value` varchar(150) NOT NULL,
  `master_category` varchar(50) NOT NULL,
  PRIMARY KEY (`master_id`)
) ENGINE=InnoDB AUTO_INCREMENT=5 DEFAULT CHARSET=latin1;

--
-- Dumping data for table `engine_master`
--

INSERT INTO `engine_master` (`master_id`, `master_label`, `master_value`, `master_category`) VALUES
(1, 'Admin LTE', 'adminlte', 'template'),
(2, 'Adminator', 'adminator', 'template'),
(3, 'Gentelella', 'gentelella', 'template'),
(4, 'Paron', 'Paron', 'set_title');

-- --------------------------------------------------------

--
-- Table structure for table `engine_menu`
--

DROP TABLE IF EXISTS `engine_menu`;
CREATE TABLE IF NOT EXISTS `engine_menu` (
  `menu_id` int(11) NOT NULL AUTO_INCREMENT,
  `menu_parent_id` int(11) DEFAULT NULL COMMENT 'rel to menu.menu_id',
  `menu_name` varchar(100) DEFAULT NULL,
  `menu_order` int(11) DEFAULT NULL,
  `menu_icon` varchar(255) DEFAULT NULL,
  `menu_module_id` int(11) DEFAULT NULL,
  `menu_active` enum('1','0') NOT NULL DEFAULT '1' COMMENT '1 : Active, 0 : Not Active	',
  PRIMARY KEY (`menu_id`),
  KEY `fk_module_id` (`menu_module_id`)
) ENGINE=InnoDB AUTO_INCREMENT=11 DEFAULT CHARSET=latin1;

--
-- Dumping data for table `engine_menu`
--

INSERT INTO `engine_menu` (`menu_id`, `menu_parent_id`, `menu_name`, `menu_order`, `menu_icon`, `menu_module_id`, `menu_active`) VALUES
(1, NULL, 'Home', 1, 'fas fa-home', 1, '1'),
(2, NULL, 'Sistem', 2, 'fas fa-cogs', NULL, '1'),
(3, 2, 'Config', 1, 'far fa-circle text-info', 2, '1'),
(4, 2, 'Menu', 2, 'far fa-circle text-info', 3, '1'),
(5, 2, 'Group / Role', 3, 'far fa-circle text-info', 6, '1'),
(6, 2, 'Hak Akses', 4, 'far fa-circle text-info', 4, '1'),
(7, 2, 'User', 5, 'far fa-circle text-info', 7, '1'),
(8, 2, 'Module', 6, 'far fa-circle text-info', 5, '1'),
(9, 2, 'Master Dinamis', 7, 'far fa-circle text-info', 8, '1'),
(10, NULL, 'Master Data', 3, 'fas fa-bars', NULL, '1');

-- --------------------------------------------------------

--
-- Table structure for table `engine_menuaccess`
--

DROP TABLE IF EXISTS `engine_menuaccess`;
CREATE TABLE IF NOT EXISTS `engine_menuaccess` (
  `menuaccess_role_id` int(11) NOT NULL,
  `menuaccess_menu_id` int(11) NOT NULL,
  KEY `fk_menu_id` (`menuaccess_menu_id`),
  KEY `fk_role_id` (`menuaccess_role_id`)
) ENGINE=InnoDB DEFAULT CHARSET=latin1;

--
-- Dumping data for table `engine_menuaccess`
--

INSERT INTO `engine_menuaccess` (`menuaccess_role_id`, `menuaccess_menu_id`) VALUES
(1, 1),
(1, 2),
(1, 3),
(1, 4),
(1, 5),
(1, 6),
(1, 7),
(1, 8),
(1, 9),
(1, 10);

-- --------------------------------------------------------

--
-- Table structure for table `engine_module`
--

DROP TABLE IF EXISTS `engine_module`;
CREATE TABLE IF NOT EXISTS `engine_module` (
  `module_id` int(11) NOT NULL AUTO_INCREMENT,
  `module_name` varchar(255) NOT NULL,
  PRIMARY KEY (`module_id`)
) ENGINE=InnoDB AUTO_INCREMENT=9 DEFAULT CHARSET=latin1;

--
-- Dumping data for table `engine_module`
--

INSERT INTO `engine_module` (`module_id`, `module_name`) VALUES
(1, 'home'),
(2, 'sys_config'),
(3, 'sys_menu'),
(4, 'sys_menuaccess'),
(5, 'sys_module'),
(6, 'sys_role'),
(7, 'sys_user'),
(8, 'sys_master');

-- --------------------------------------------------------

--
-- Table structure for table `engine_role`
--

DROP TABLE IF EXISTS `engine_role`;
CREATE TABLE IF NOT EXISTS `engine_role` (
  `role_id` int(11) NOT NULL AUTO_INCREMENT,
  `role_name` varchar(255) NOT NULL,
  `role_default` int(11) NOT NULL,
  `role_active` tinyint(1) NOT NULL DEFAULT 1,
  PRIMARY KEY (`role_id`),
  KEY `fk_rolemenu_id` (`role_default`)
) ENGINE=InnoDB AUTO_INCREMENT=2 DEFAULT CHARSET=latin1;

--
-- Dumping data for table `engine_role`
--

INSERT INTO `engine_role` (`role_id`, `role_name`, `role_default`, `role_active`) VALUES
(1, 'Super Admin', 1, 1);

--
-- Constraints for dumped tables
--

--
-- Constraints for table `engine_menu`
--
ALTER TABLE `engine_menu`
  ADD CONSTRAINT `fk_module_id` FOREIGN KEY (`menu_module_id`) REFERENCES `engine_module` (`module_id`);

--
-- Constraints for table `engine_menuaccess`
--
ALTER TABLE `engine_menuaccess`
  ADD CONSTRAINT `fk_menu_id` FOREIGN KEY (`menuaccess_menu_id`) REFERENCES `engine_menu` (`menu_id`),
  ADD CONSTRAINT `fk_role_id` FOREIGN KEY (`menuaccess_role_id`) REFERENCES `engine_role` (`role_id`);

--
-- Constraints for table `engine_role`
--
ALTER TABLE `engine_role`
  ADD CONSTRAINT `fk_rolemenu_id` FOREIGN KEY (`role_default`) REFERENCES `engine_menu` (`menu_id`);
COMMIT;

/*!40101 SET CHARACTER_SET_CLIENT=@OLD_CHARACTER_SET_CLIENT */;
/*!40101 SET CHARACTER_SET_RESULTS=@OLD_CHARACTER_SET_RESULTS */;
/*!40101 SET COLLATION_CONNECTION=@OLD_COLLATION_CONNECTION */;
